product_id,product_name,product_category,product_subcategory,brand,avg_rating,return_rate_category
P00001,Sony Shirts,Apparel,Shirts,Sony,3.8,0.3
P00002,Samsung Laptops,Electronics,Laptops,Samsung,4.8,0.24
P00003,Philips Shirts,Apparel,Shirts,Philips,4.1,0.17
P00004,Nike Skincare,Beauty,Skincare,Nike,3.4,0.13
P00005,Apple Shoes,Apparel,Shoes,Apple,4.5,0.16
P00006,L'Oreal Fitness,Sports,Fitness,L'Oreal,4.8,0.09
P00007,Apple Cameras,Electronics,Cameras,Apple,4.0,0.21
P00008,Nike Haircare,Beauty,Haircare,Nike,4.0,0.27
P00009,LG Cameras,Electronics,Cameras,LG,5.0,0.08
P00010,Apple Kitchen,Home,Kitchen,Apple,3.3,0.08
P00011,Adidas Furniture,Home,Furniture,Adidas,4.4,0.14
P00012,LG Skincare,Beauty,Skincare,LG,4.5,0.15
P00013,Nike Decor,Home,Decor,Nike,4.3,0.24
P00014,Levis Skincare,Beauty,Skincare,Levis,4.1,0.18
P00015,Philips Jeans,Apparel,Jeans,Philips,3.2,0.15
P00016,Adidas Kitchen,Home,Kitchen,Adidas,4.1,0.17
P00017,Sony Shoes,Apparel,Shoes,Sony,4.8,0.28
P00018,Adidas Shoes,Apparel,Shoes,Adidas,4.6,0.14
P00019,Puma Haircare,Beauty,Haircare,Puma,4.4,0.15
P00020,LG Kitchen,Home,Kitchen,LG,3.5,0.14
P00021,Sony Kitchen,Home,Kitchen,Sony,3.1,0.13
P00022,L'Oreal Shoes,Apparel,Shoes,L'Oreal,3.9,0.29
P00023,Puma Laptops,Electronics,Laptops,Puma,3.6,0.28
P00024,L'Oreal Haircare,Beauty,Haircare,L'Oreal,3.5,0.1
P00025,Nike Headphones,Electronics,Headphones,Nike,4.0,0.22
P00026,LG Smartphones,Electronics,Smartphones,LG,3.1,0.11
P00027,Adidas Haircare,Beauty,Haircare,Adidas,3.9,0.13
P00028,Apple Headphones,Electronics,Headphones,Apple,4.4,0.18
P00029,Puma Fragrance,Beauty,Fragrance,Puma,3.3,0.27
P00030,Samsung Headphones,Electronics,Headphones,Samsung,3.6,0.23
P00031,Philips Headphones,Electronics,Headphones,Philips,4.6,0.29
P00032,LG Fragrance,Beauty,Fragrance,LG,4.0,0.2
P00033,L'Oreal Laptops,Electronics,Laptops,L'Oreal,3.7,0.22
P00034,Nike Skincare,Beauty,Skincare,Nike,3.9,0.16
P00035,Samsung Shoes,Apparel,Shoes,Samsung,4.7,0.06
P00036,Levis Skincare,Beauty,Skincare,Levis,4.8,0.26
P00037,L'Oreal Fragrance,Beauty,Fragrance,L'Oreal,4.0,0.17
P00038,Adidas Furniture,Home,Furniture,Adidas,3.7,0.3
P00039,LG TeamSports,Sports,TeamSports,LG,3.2,0.2
P00040,Levis Jeans,Apparel,Jeans,Levis,4.4,0.28
P00041,Nike Cameras,Electronics,Cameras,Nike,4.6,0.21
P00042,L'Oreal Kitchen,Home,Kitchen,L'Oreal,3.2,0.14
P00043,L'Oreal Jeans,Apparel,Jeans,L'Oreal,3.3,0.27
P00044,Samsung Outdoor,Sports,Outdoor,Samsung,4.5,0.24
P00045,L'Oreal Kitchen,Home,Kitchen,L'Oreal,4.3,0.18
P00046,Philips Fitness,Sports,Fitness,Philips,3.3,0.13
P00047,Nike Appliances,Home,Appliances,Nike,3.3,0.23
P00048,Sony Jeans,Apparel,Jeans,Sony,3.3,0.23
P00049,Apple Smartphones,Electronics,Smartphones,Apple,4.4,0.16
P00050,Adidas Fitness,Sports,Fitness,Adidas,3.3,0.13
P00051,L'Oreal Skincare,Beauty,Skincare,L'Oreal,3.6,0.23
P00052,Puma Laptops,Electronics,Laptops,Puma,3.2,0.26
P00053,Sony Outdoor,Sports,Outdoor,Sony,4.5,0.1
P00054,Apple Accessories,Sports,Accessories,Apple,4.4,0.22
P00055,Sony Outdoor,Sports,Outdoor,Sony,4.5,0.1
P00056,Puma Haircare,Beauty,Haircare,Puma,3.3,0.11
P00057,Adidas Accessories,Sports,Accessories,Adidas,3.7,0.25
P00058,Adidas Laptops,Electronics,Laptops,Adidas,4.5,0.28
P00059,Philips Furniture,Home,Furniture,Philips,3.1,0.05
P00060,Philips Outdoor,Sports,Outdoor,Philips,4.4,0.12
P00061,Adidas Smartphones,Electronics,Smartphones,Adidas,3.7,0.19
P00062,Adidas Shoes,Apparel,Shoes,Adidas,3.2,0.21
P00063,Adidas Jeans,Apparel,Jeans,Adidas,3.7,0.21
P00064,Sony Outdoor,Sports,Outdoor,Sony,4.7,0.09
P00065,L'Oreal Makeup,Beauty,Makeup,L'Oreal,4.9,0.18
P00066,Apple Cameras,Electronics,Cameras,Apple,4.8,0.1
P00067,Apple Fragrance,Beauty,Fragrance,Apple,4.2,0.15
P00068,Levis Shirts,Apparel,Shirts,Levis,4.5,0.2
P00069,Levis Appliances,Home,Appliances,Levis,4.0,0.28
P00070,Adidas Skincare,Beauty,Skincare,Adidas,3.8,0.1
P00071,LG Dresses,Apparel,Dresses,LG,4.2,0.21
P00072,Apple Shoes,Apparel,Shoes,Apple,3.9,0.17
P00073,Samsung Cameras,Electronics,Cameras,Samsung,4.9,0.23
P00074,Sony Makeup,Beauty,Makeup,Sony,3.2,0.1
P00075,Adidas Makeup,Beauty,Makeup,Adidas,5.0,0.23
P00076,Nike Skincare,Beauty,Skincare,Nike,4.8,0.13
P00077,Adidas Fitness,Sports,Fitness,Adidas,4.5,0.23
P00078,Levis Laptops,Electronics,Laptops,Levis,3.6,0.19
P00079,Apple Fragrance,Beauty,Fragrance,Apple,4.3,0.17
P00080,Samsung Skincare,Beauty,Skincare,Samsung,4.7,0.26
P00081,Levis Skincare,Beauty,Skincare,Levis,4.7,0.25
P00082,Sony Appliances,Home,Appliances,Sony,4.0,0.15
P00083,Samsung Fragrance,Beauty,Fragrance,Samsung,4.7,0.17
P00084,Apple Headphones,Electronics,Headphones,Apple,3.5,0.18
P00085,LG Shirts,Apparel,Shirts,LG,3.3,0.22
P00086,Philips Shirts,Apparel,Shirts,Philips,3.7,0.12
P00087,Nike Makeup,Beauty,Makeup,Nike,4.9,0.24
P00088,Samsung Fitness,Sports,Fitness,Samsung,4.6,0.21
P00089,Apple Shirts,Apparel,Shirts,Apple,4.7,0.24
P00090,Philips Skincare,Beauty,Skincare,Philips,4.2,0.29
P00091,Philips Smartphones,Electronics,Smartphones,Philips,3.4,0.29
P00092,Philips Dresses,Apparel,Dresses,Philips,3.8,0.18
P00093,Sony TeamSports,Sports,TeamSports,Sony,3.2,0.19
P00094,Apple Headphones,Electronics,Headphones,Apple,4.2,0.3
P00095,Samsung Appliances,Home,Appliances,Samsung,5.0,0.29
P00096,LG Appliances,Home,Appliances,LG,3.7,0.3
P00097,Puma Shirts,Apparel,Shirts,Puma,3.9,0.26
P00098,Adidas Fitness,Sports,Fitness,Adidas,3.4,0.18
P00099,L'Oreal Outdoor,Sports,Outdoor,L'Oreal,4.9,0.29
P00100,LG Kitchen,Home,Kitchen,LG,4.4,0.25
P00101,LG Shoes,Apparel,Shoes,LG,3.4,0.23
P00102,Puma Kitchen,Home,Kitchen,Puma,4.2,0.07
P00103,Philips TeamSports,Sports,TeamSports,Philips,3.2,0.08
P00104,L'Oreal Fitness,Sports,Fitness,L'Oreal,4.4,0.09
P00105,Samsung Furniture,Home,Furniture,Samsung,3.9,0.14
P00106,Adidas Furniture,Home,Furniture,Adidas,4.1,0.23
P00107,Sony Outdoor,Sports,Outdoor,Sony,4.4,0.18
P00108,LG Kitchen,Home,Kitchen,LG,3.9,0.15
P00109,L'Oreal Headphones,Electronics,Headphones,L'Oreal,4.7,0.13
P00110,Nike Haircare,Beauty,Haircare,Nike,3.5,0.24
P00111,Sony Dresses,Apparel,Dresses,Sony,3.7,0.26
P00112,LG Shirts,Apparel,Shirts,LG,3.7,0.23
P00113,Samsung Headphones,Electronics,Headphones,Samsung,3.1,0.15
P00114,L'Oreal Fragrance,Beauty,Fragrance,L'Oreal,3.7,0.25
P00115,Adidas Shirts,Apparel,Shirts,Adidas,4.9,0.17
P00116,LG Smartphones,Electronics,Smartphones,LG,4.6,0.22
P00117,Levis Outdoor,Sports,Outdoor,Levis,4.9,0.25
P00118,Sony Smartphones,Electronics,Smartphones,Sony,3.2,0.23
P00119,LG Furniture,Home,Furniture,LG,4.1,0.05
P00120,Adidas Laptops,Electronics,Laptops,Adidas,3.5,0.28
P00121,Philips Appliances,Home,Appliances,Philips,4.9,0.25
P00122,Samsung Laptops,Electronics,Laptops,Samsung,5.0,0.25
P00123,Nike Cameras,Electronics,Cameras,Nike,3.0,0.12
P00124,Levis Headphones,Electronics,Headphones,Levis,3.1,0.07
P00125,Samsung Headphones,Electronics,Headphones,Samsung,3.4,0.18
P00126,Nike Dresses,Apparel,Dresses,Nike,4.7,0.27
P00127,Apple Makeup,Beauty,Makeup,Apple,4.2,0.28
P00128,Sony Haircare,Beauty,Haircare,Sony,4.0,0.27
P00129,Nike Laptops,Electronics,Laptops,Nike,3.9,0.12
P00130,LG Cameras,Electronics,Cameras,LG,4.8,0.15
P00131,Sony Furniture,Home,Furniture,Sony,4.0,0.13
P00132,L'Oreal Appliances,Home,Appliances,L'Oreal,4.3,0.3
P00133,Adidas Furniture,Home,Furniture,Adidas,3.1,0.27
P00134,Philips Kitchen,Home,Kitchen,Philips,3.0,0.14
P00135,Adidas Furniture,Home,Furniture,Adidas,3.3,0.24
P00136,LG Accessories,Sports,Accessories,LG,3.1,0.19
P00137,Philips Appliances,Home,Appliances,Philips,3.6,0.08
P00138,Levis Fitness,Sports,Fitness,Levis,4.5,0.1
P00139,Sony Outdoor,Sports,Outdoor,Sony,3.4,0.12
P00140,Nike Dresses,Apparel,Dresses,Nike,4.2,0.21
P00141,LG Outdoor,Sports,Outdoor,LG,3.0,0.11
P00142,LG Skincare,Beauty,Skincare,LG,3.9,0.13
P00143,Adidas TeamSports,Sports,TeamSports,Adidas,4.8,0.25
P00144,Levis Decor,Home,Decor,Levis,4.3,0.13
P00145,Sony Appliances,Home,Appliances,Sony,4.4,0.26
P00146,Apple Outdoor,Sports,Outdoor,Apple,4.2,0.25
P00147,Samsung Fragrance,Beauty,Fragrance,Samsung,4.5,0.19
P00148,Levis TeamSports,Sports,TeamSports,Levis,3.6,0.24
P00149,Sony Fitness,Sports,Fitness,Sony,3.4,0.24
P00150,Levis Kitchen,Home,Kitchen,Levis,4.6,0.26
P00151,Puma TeamSports,Sports,TeamSports,Puma,3.9,0.1
P00152,Apple Fragrance,Beauty,Fragrance,Apple,3.2,0.24
P00153,Samsung Accessories,Sports,Accessories,Samsung,4.8,0.21
P00154,L'Oreal Jeans,Apparel,Jeans,L'Oreal,3.3,0.28
P00155,Adidas TeamSports,Sports,TeamSports,Adidas,5.0,0.16
P00156,Apple Headphones,Electronics,Headphones,Apple,4.2,0.24
P00157,Nike Laptops,Electronics,Laptops,Nike,4.5,0.29
P00158,Puma Shoes,Apparel,Shoes,Puma,3.2,0.2
P00159,Puma Fitness,Sports,Fitness,Puma,4.4,0.27
P00160,Levis Makeup,Beauty,Makeup,Levis,4.7,0.29
P00161,Apple Fragrance,Beauty,Fragrance,Apple,4.0,0.26
P00162,Adidas Smartphones,Electronics,Smartphones,Adidas,3.9,0.16
P00163,Samsung Makeup,Beauty,Makeup,Samsung,3.5,0.25
P00164,Nike Accessories,Sports,Accessories,Nike,5.0,0.11
P00165,Adidas Outdoor,Sports,Outdoor,Adidas,3.1,0.25
P00166,Puma Makeup,Beauty,Makeup,Puma,4.2,0.29
P00167,Puma TeamSports,Sports,TeamSports,Puma,3.5,0.07
P00168,L'Oreal Accessories,Sports,Accessories,L'Oreal,4.0,0.07
P00169,Puma Makeup,Beauty,Makeup,Puma,3.5,0.08
P00170,Apple Haircare,Beauty,Haircare,Apple,3.4,0.08
P00171,Apple Appliances,Home,Appliances,Apple,4.9,0.12
P00172,Adidas Appliances,Home,Appliances,Adidas,3.9,0.27
P00173,Sony Kitchen,Home,Kitchen,Sony,4.4,0.2
P00174,L'Oreal Decor,Home,Decor,L'Oreal,4.4,0.26
P00175,Samsung Shoes,Apparel,Shoes,Samsung,4.8,0.21
P00176,Samsung Cameras,Electronics,Cameras,Samsung,4.8,0.18
P00177,Levis Smartphones,Electronics,Smartphones,Levis,3.6,0.27
P00178,L'Oreal Haircare,Beauty,Haircare,L'Oreal,4.1,0.28
P00179,Nike Fragrance,Beauty,Fragrance,Nike,3.1,0.15
P00180,Levis Cameras,Electronics,Cameras,Levis,4.9,0.11
P00181,Philips Fitness,Sports,Fitness,Philips,4.9,0.29
P00182,Nike Fragrance,Beauty,Fragrance,Nike,4.8,0.19
P00183,Levis Decor,Home,Decor,Levis,4.3,0.27
P00184,Puma Makeup,Beauty,Makeup,Puma,4.6,0.21
P00185,Levis Headphones,Electronics,Headphones,Levis,5.0,0.22
P00186,Levis Skincare,Beauty,Skincare,Levis,5.0,0.06
P00187,Samsung Appliances,Home,Appliances,Samsung,3.3,0.16
P00188,Philips Makeup,Beauty,Makeup,Philips,3.8,0.25
P00189,Levis Fitness,Sports,Fitness,Levis,3.3,0.29
P00190,Adidas Fitness,Sports,Fitness,Adidas,3.6,0.16
P00191,Puma Makeup,Beauty,Makeup,Puma,3.5,0.19
P00192,Sony Smartphones,Electronics,Smartphones,Sony,3.1,0.09
P00193,Apple Haircare,Beauty,Haircare,Apple,4.5,0.1
P00194,LG Haircare,Beauty,Haircare,LG,3.5,0.25
P00195,Levis Haircare,Beauty,Haircare,Levis,3.2,0.16
P00196,Puma Furniture,Home,Furniture,Puma,3.0,0.14
P00197,LG Shirts,Apparel,Shirts,LG,4.4,0.07
P00198,Nike Smartphones,Electronics,Smartphones,Nike,4.8,0.28
P00199,Apple Shoes,Apparel,Shoes,Apple,3.2,0.3
P00200,Apple Shoes,Apparel,Shoes,Apple,3.6,0.07
P00201,Adidas Cameras,Electronics,Cameras,Adidas,3.0,0.15
P00202,Puma Outdoor,Sports,Outdoor,Puma,4.3,0.13
P00203,Samsung Decor,Home,Decor,Samsung,4.7,0.23
P00204,Samsung Fitness,Sports,Fitness,Samsung,3.7,0.23
P00205,Philips Furniture,Home,Furniture,Philips,4.9,0.07
P00206,Philips Jeans,Apparel,Jeans,Philips,3.6,0.17
P00207,Apple Fragrance,Beauty,Fragrance,Apple,4.0,0.19
P00208,Adidas Shoes,Apparel,Shoes,Adidas,3.6,0.22
P00209,Philips Furniture,Home,Furniture,Philips,4.3,0.19
P00210,L'Oreal Jeans,Apparel,Jeans,L'Oreal,3.2,0.17
P00211,Adidas Haircare,Beauty,Haircare,Adidas,3.7,0.17
P00212,Nike TeamSports,Sports,TeamSports,Nike,4.8,0.17
P00213,Adidas Fragrance,Beauty,Fragrance,Adidas,3.0,0.16
P00214,Puma Haircare,Beauty,Haircare,Puma,4.6,0.25
P00215,Samsung Cameras,Electronics,Cameras,Samsung,4.0,0.11
P00216,Philips TeamSports,Sports,TeamSports,Philips,3.9,0.19
P00217,Puma Accessories,Sports,Accessories,Puma,5.0,0.21
P00218,LG Haircare,Beauty,Haircare,LG,4.4,0.17
P00219,Sony Smartphones,Electronics,Smartphones,Sony,3.7,0.25
P00220,Puma Makeup,Beauty,Makeup,Puma,4.0,0.3
P00221,LG Accessories,Sports,Accessories,LG,3.9,0.07
P00222,LG Dresses,Apparel,Dresses,LG,4.4,0.06
P00223,Apple Cameras,Electronics,Cameras,Apple,3.5,0.14
P00224,LG Decor,Home,Decor,LG,4.5,0.17
P00225,L'Oreal Decor,Home,Decor,L'Oreal,3.1,0.2
P00226,Adidas Shoes,Apparel,Shoes,Adidas,3.8,0.28
P00227,Puma Cameras,Electronics,Cameras,Puma,4.0,0.23
P00228,Puma Outdoor,Sports,Outdoor,Puma,3.4,0.24
P00229,Nike Fragrance,Beauty,Fragrance,Nike,4.4,0.28
P00230,Apple Jeans,Apparel,Jeans,Apple,3.1,0.16
P00231,Sony Makeup,Beauty,Makeup,Sony,4.4,0.07
P00232,Puma TeamSports,Sports,TeamSports,Puma,3.8,0.29
P00233,Levis TeamSports,Sports,TeamSports,Levis,3.9,0.3
P00234,LG TeamSports,Sports,TeamSports,LG,3.1,0.23
P00235,Sony Haircare,Beauty,Haircare,Sony,4.2,0.18
P00236,Adidas Kitchen,Home,Kitchen,Adidas,4.9,0.08
P00237,Adidas Headphones,Electronics,Headphones,Adidas,4.8,0.22
P00238,Apple Outdoor,Sports,Outdoor,Apple,3.5,0.28
P00239,Sony Cameras,Electronics,Cameras,Sony,3.9,0.25
P00240,Adidas TeamSports,Sports,TeamSports,Adidas,3.8,0.26
P00241,Apple Headphones,Electronics,Headphones,Apple,4.3,0.09
P00242,Sony Kitchen,Home,Kitchen,Sony,4.3,0.1
P00243,Sony Shoes,Apparel,Shoes,Sony,3.8,0.09
P00244,L'Oreal Shirts,Apparel,Shirts,L'Oreal,3.0,0.1
P00245,Puma Kitchen,Home,Kitchen,Puma,4.1,0.17
P00246,Philips Shirts,Apparel,Shirts,Philips,4.0,0.11
P00247,Puma Appliances,Home,Appliances,Puma,4.4,0.23
P00248,Samsung Haircare,Beauty,Haircare,Samsung,3.7,0.27
P00249,Puma Jeans,Apparel,Jeans,Puma,4.3,0.23
P00250,Levis Shirts,Apparel,Shirts,Levis,3.6,0.05
P00251,Philips Skincare,Beauty,Skincare,Philips,4.7,0.26
P00252,Samsung Shoes,Apparel,Shoes,Samsung,3.2,0.14
P00253,Adidas TeamSports,Sports,TeamSports,Adidas,4.3,0.21
P00254,L'Oreal Smartphones,Electronics,Smartphones,L'Oreal,4.7,0.09
P00255,L'Oreal Makeup,Beauty,Makeup,L'Oreal,3.9,0.07
P00256,Puma Fragrance,Beauty,Fragrance,Puma,3.8,0.05
P00257,Sony Appliances,Home,Appliances,Sony,4.8,0.18
P00258,Philips Fitness,Sports,Fitness,Philips,4.7,0.06
P00259,Apple Shoes,Apparel,Shoes,Apple,3.5,0.11
P00260,Samsung Furniture,Home,Furniture,Samsung,3.8,0.25
P00261,L'Oreal Laptops,Electronics,Laptops,L'Oreal,3.8,0.1
P00262,Nike Shoes,Apparel,Shoes,Nike,3.1,0.07
P00263,Philips Fragrance,Beauty,Fragrance,Philips,4.5,0.16
P00264,Nike Haircare,Beauty,Haircare,Nike,4.5,0.22
P00265,Sony Headphones,Electronics,Headphones,Sony,3.3,0.09
P00266,Apple Skincare,Beauty,Skincare,Apple,4.5,0.23
P00267,Levis Kitchen,Home,Kitchen,Levis,3.8,0.07
P00268,Samsung Shoes,Apparel,Shoes,Samsung,3.0,0.12
P00269,Adidas Kitchen,Home,Kitchen,Adidas,3.0,0.11
P00270,Sony Shoes,Apparel,Shoes,Sony,3.8,0.08
P00271,Puma TeamSports,Sports,TeamSports,Puma,3.2,0.27
P00272,Sony Dresses,Apparel,Dresses,Sony,4.2,0.28
P00273,L'Oreal Haircare,Beauty,Haircare,L'Oreal,3.7,0.22
P00274,Puma Accessories,Sports,Accessories,Puma,3.4,0.2
P00275,Levis Shirts,Apparel,Shirts,Levis,3.3,0.05
P00276,Nike Decor,Home,Decor,Nike,4.9,0.19
P00277,Philips Shoes,Apparel,Shoes,Philips,4.9,0.13
P00278,Sony Fitness,Sports,Fitness,Sony,3.7,0.15
P00279,Samsung Fitness,Sports,Fitness,Samsung,4.4,0.19
P00280,Sony Fragrance,Beauty,Fragrance,Sony,4.9,0.06
P00281,Puma Cameras,Electronics,Cameras,Puma,4.4,0.13
P00282,LG Dresses,Apparel,Dresses,LG,3.4,0.18
P00283,LG Haircare,Beauty,Haircare,LG,4.0,0.08
P00284,LG Shoes,Apparel,Shoes,LG,3.4,0.15
P00285,Sony Fragrance,Beauty,Fragrance,Sony,3.8,0.13
P00286,Puma Skincare,Beauty,Skincare,Puma,3.3,0.05
P00287,Sony Jeans,Apparel,Jeans,Sony,4.9,0.29
P00288,Levis Furniture,Home,Furniture,Levis,4.0,0.3
P00289,L'Oreal Fitness,Sports,Fitness,L'Oreal,4.3,0.07
P00290,Nike Fragrance,Beauty,Fragrance,Nike,3.2,0.28
P00291,Philips Headphones,Electronics,Headphones,Philips,4.3,0.26
P00292,Nike Fragrance,Beauty,Fragrance,Nike,4.8,0.16
P00293,L'Oreal Headphones,Electronics,Headphones,L'Oreal,3.1,0.1
P00294,Puma Headphones,Electronics,Headphones,Puma,3.1,0.1
P00295,Nike Skincare,Beauty,Skincare,Nike,3.8,0.08
P00296,Samsung Outdoor,Sports,Outdoor,Samsung,3.3,0.16
P00297,L'Oreal Furniture,Home,Furniture,L'Oreal,3.7,0.17
P00298,Apple Skincare,Beauty,Skincare,Apple,3.9,0.21
P00299,Adidas Dresses,Apparel,Dresses,Adidas,4.9,0.08
P00300,Sony Cameras,Electronics,Cameras,Sony,3.2,0.26
P00301,Levis TeamSports,Sports,TeamSports,Levis,4.0,0.24
P00302,Apple Fragrance,Beauty,Fragrance,Apple,3.4,0.26
P00303,Levis Makeup,Beauty,Makeup,Levis,4.8,0.21
P00304,Adidas Laptops,Electronics,Laptops,Adidas,3.2,0.27
P00305,LG Appliances,Home,Appliances,LG,4.6,0.24
P00306,Nike TeamSports,Sports,TeamSports,Nike,3.1,0.25
P00307,Philips Decor,Home,Decor,Philips,3.3,0.11
P00308,Samsung Accessories,Sports,Accessories,Samsung,4.2,0.12
P00309,LG Fragrance,Beauty,Fragrance,LG,4.3,0.2
P00310,Puma Appliances,Home,Appliances,Puma,3.2,0.21
P00311,Apple Kitchen,Home,Kitchen,Apple,4.8,0.09
P00312,Apple Accessories,Sports,Accessories,Apple,4.2,0.14
P00313,LG Skincare,Beauty,Skincare,LG,3.9,0.12
P00314,Levis Fragrance,Beauty,Fragrance,Levis,3.7,0.06
P00315,Nike Cameras,Electronics,Cameras,Nike,5.0,0.21
P00316,Adidas Headphones,Electronics,Headphones,Adidas,4.0,0.15
P00317,L'Oreal Skincare,Beauty,Skincare,L'Oreal,4.1,0.15
P00318,Samsung Skincare,Beauty,Skincare,Samsung,3.7,0.17
P00319,Adidas Makeup,Beauty,Makeup,Adidas,3.6,0.1
P00320,LG Haircare,Beauty,Haircare,LG,4.1,0.26
P00321,Adidas Accessories,Sports,Accessories,Adidas,3.3,0.06
P00322,LG Appliances,Home,Appliances,LG,3.5,0.29
P00323,Philips Skincare,Beauty,Skincare,Philips,4.7,0.2
P00324,Sony Shoes,Apparel,Shoes,Sony,4.9,0.16
P00325,Levis Smartphones,Electronics,Smartphones,Levis,5.0,0.12
P00326,Puma Shirts,Apparel,Shirts,Puma,3.5,0.21
P00327,Nike Headphones,Electronics,Headphones,Nike,3.8,0.21
P00328,Nike Jeans,Apparel,Jeans,Nike,3.6,0.2
P00329,LG Decor,Home,Decor,LG,3.6,0.06
P00330,Apple Makeup,Beauty,Makeup,Apple,4.8,0.27
P00331,Philips Accessories,Sports,Accessories,Philips,4.9,0.23
P00332,Samsung Laptops,Electronics,Laptops,Samsung,4.4,0.19
P00333,Philips Dresses,Apparel,Dresses,Philips,3.3,0.1
P00334,Philips Cameras,Electronics,Cameras,Philips,3.6,0.27
P00335,Puma Laptops,Electronics,Laptops,Puma,3.3,0.28
P00336,Sony Appliances,Home,Appliances,Sony,4.0,0.23
P00337,Sony Dresses,Apparel,Dresses,Sony,3.2,0.12
P00338,Adidas Outdoor,Sports,Outdoor,Adidas,4.9,0.12
P00339,Philips Haircare,Beauty,Haircare,Philips,3.6,0.1
P00340,Sony Appliances,Home,Appliances,Sony,3.3,0.11
P00341,Apple Haircare,Beauty,Haircare,Apple,4.3,0.16
P00342,Adidas Fragrance,Beauty,Fragrance,Adidas,4.1,0.08
P00343,Philips Cameras,Electronics,Cameras,Philips,4.6,0.25
P00344,Sony Decor,Home,Decor,Sony,3.0,0.15
P00345,Sony Dresses,Apparel,Dresses,Sony,3.1,0.25
P00346,Philips Shirts,Apparel,Shirts,Philips,4.5,0.28
P00347,Apple Haircare,Beauty,Haircare,Apple,3.5,0.16
P00348,Apple TeamSports,Sports,TeamSports,Apple,3.4,0.14
P00349,Samsung Headphones,Electronics,Headphones,Samsung,4.0,0.06
P00350,Sony Shirts,Apparel,Shirts,Sony,4.4,0.19
P00351,Philips Skincare,Beauty,Skincare,Philips,4.7,0.12
P00352,Adidas Kitchen,Home,Kitchen,Adidas,4.8,0.3
P00353,Levis Decor,Home,Decor,Levis,4.8,0.24
P00354,Samsung Laptops,Electronics,Laptops,Samsung,4.6,0.19
P00355,L'Oreal TeamSports,Sports,TeamSports,L'Oreal,3.4,0.22
P00356,Samsung TeamSports,Sports,TeamSports,Samsung,4.4,0.3
P00357,Sony Appliances,Home,Appliances,Sony,4.1,0.12
P00358,Puma Furniture,Home,Furniture,Puma,4.4,0.29
P00359,Apple Shoes,Apparel,Shoes,Apple,3.4,0.13
P00360,Adidas Haircare,Beauty,Haircare,Adidas,4.1,0.09
P00361,Sony Skincare,Beauty,Skincare,Sony,3.0,0.13
P00362,Puma Fitness,Sports,Fitness,Puma,4.7,0.06
P00363,Philips Decor,Home,Decor,Philips,3.9,0.24
P00364,Adidas Haircare,Beauty,Haircare,Adidas,4.9,0.3
P00365,Nike Cameras,Electronics,Cameras,Nike,3.8,0.29
P00366,Philips TeamSports,Sports,TeamSports,Philips,3.1,0.24
P00367,Puma Smartphones,Electronics,Smartphones,Puma,4.3,0.11
P00368,Adidas Appliances,Home,Appliances,Adidas,4.0,0.08
P00369,Nike Smartphones,Electronics,Smartphones,Nike,4.7,0.14
P00370,Adidas Appliances,Home,Appliances,Adidas,4.3,0.09
P00371,L'Oreal Shoes,Apparel,Shoes,L'Oreal,3.4,0.3
P00372,Puma Cameras,Electronics,Cameras,Puma,4.5,0.29
P00373,Philips Appliances,Home,Appliances,Philips,3.6,0.09
P00374,Adidas Cameras,Electronics,Cameras,Adidas,4.0,0.17
P00375,Sony Fragrance,Beauty,Fragrance,Sony,3.3,0.23
P00376,Apple Jeans,Apparel,Jeans,Apple,3.7,0.1
P00377,Apple Fragrance,Beauty,Fragrance,Apple,3.7,0.19
P00378,LG Furniture,Home,Furniture,LG,4.5,0.17
P00379,Nike TeamSports,Sports,TeamSports,Nike,4.1,0.08
P00380,Apple Haircare,Beauty,Haircare,Apple,4.8,0.28
P00381,Adidas Dresses,Apparel,Dresses,Adidas,4.4,0.05
P00382,Nike Smartphones,Electronics,Smartphones,Nike,4.1,0.21
P00383,Samsung Kitchen,Home,Kitchen,Samsung,5.0,0.3
P00384,Adidas Outdoor,Sports,Outdoor,Adidas,4.7,0.07
P00385,Philips Outdoor,Sports,Outdoor,Philips,4.9,0.2
P00386,LG Laptops,Electronics,Laptops,LG,4.6,0.15
P00387,Sony Smartphones,Electronics,Smartphones,Sony,3.6,0.17
P00388,L'Oreal Laptops,Electronics,Laptops,L'Oreal,3.3,0.14
P00389,Adidas Kitchen,Home,Kitchen,Adidas,4.7,0.06
P00390,Nike Shoes,Apparel,Shoes,Nike,3.3,0.08
P00391,Philips Kitchen,Home,Kitchen,Philips,3.8,0.3
P00392,Samsung Furniture,Home,Furniture,Samsung,3.3,0.09
P00393,Samsung Furniture,Home,Furniture,Samsung,4.8,0.27
P00394,Adidas Skincare,Beauty,Skincare,Adidas,3.1,0.24
P00395,LG Fragrance,Beauty,Fragrance,LG,4.3,0.24
P00396,Puma Fitness,Sports,Fitness,Puma,4.0,0.3
P00397,Philips Outdoor,Sports,Outdoor,Philips,3.1,0.11
P00398,Puma Jeans,Apparel,Jeans,Puma,3.8,0.16
P00399,Puma Shirts,Apparel,Shirts,Puma,4.8,0.19
P00400,Adidas Fragrance,Beauty,Fragrance,Adidas,3.1,0.15
P00401,Adidas Fragrance,Beauty,Fragrance,Adidas,3.8,0.29
P00402,Philips Jeans,Apparel,Jeans,Philips,4.2,0.21
P00403,Samsung Smartphones,Electronics,Smartphones,Samsung,4.4,0.24
P00404,Levis Decor,Home,Decor,Levis,4.3,0.11
P00405,Puma TeamSports,Sports,TeamSports,Puma,4.7,0.23
P00406,Adidas Accessories,Sports,Accessories,Adidas,4.5,0.3
P00407,Levis Shoes,Apparel,Shoes,Levis,4.6,0.26
P00408,Levis Makeup,Beauty,Makeup,Levis,4.9,0.09
P00409,Levis Appliances,Home,Appliances,Levis,4.0,0.2
P00410,LG Skincare,Beauty,Skincare,LG,3.7,0.26
P00411,Sony Haircare,Beauty,Haircare,Sony,4.5,0.23
P00412,Puma Kitchen,Home,Kitchen,Puma,5.0,0.11
P00413,Adidas Shirts,Apparel,Shirts,Adidas,4.5,0.19
P00414,Adidas Dresses,Apparel,Dresses,Adidas,3.6,0.09
P00415,L'Oreal Kitchen,Home,Kitchen,L'Oreal,4.8,0.2
P00416,Adidas Jeans,Apparel,Jeans,Adidas,4.6,0.19
P00417,Levis Haircare,Beauty,Haircare,Levis,3.4,0.13
P00418,Philips Jeans,Apparel,Jeans,Philips,3.8,0.29
P00419,Adidas Decor,Home,Decor,Adidas,3.0,0.3
P00420,Samsung Outdoor,Sports,Outdoor,Samsung,5.0,0.3
P00421,Adidas Makeup,Beauty,Makeup,Adidas,4.0,0.29
P00422,Adidas Decor,Home,Decor,Adidas,3.8,0.06
P00423,Levis Kitchen,Home,Kitchen,Levis,3.4,0.29
P00424,Philips Fitness,Sports,Fitness,Philips,3.0,0.19
P00425,Samsung Furniture,Home,Furniture,Samsung,3.2,0.12
P00426,LG Decor,Home,Decor,LG,3.2,0.26
P00427,Samsung Furniture,Home,Furniture,Samsung,4.2,0.28
P00428,Adidas Cameras,Electronics,Cameras,Adidas,4.4,0.29
P00429,Adidas Smartphones,Electronics,Smartphones,Adidas,4.0,0.21
P00430,Levis Outdoor,Sports,Outdoor,Levis,4.2,0.17
P00431,LG Fragrance,Beauty,Fragrance,LG,4.7,0.21
P00432,Sony Headphones,Electronics,Headphones,Sony,4.6,0.25
P00433,Nike Furniture,Home,Furniture,Nike,3.4,0.21
P00434,Philips Laptops,Electronics,Laptops,Philips,3.4,0.2
P00435,Sony Shirts,Apparel,Shirts,Sony,4.4,0.3
P00436,Puma Fragrance,Beauty,Fragrance,Puma,3.1,0.07
P00437,Levis Accessories,Sports,Accessories,Levis,3.2,0.15
P00438,L'Oreal Kitchen,Home,Kitchen,L'Oreal,4.6,0.26
P00439,Levis Jeans,Apparel,Jeans,Levis,4.5,0.27
P00440,Philips Jeans,Apparel,Jeans,Philips,3.6,0.07
P00441,Nike Haircare,Beauty,Haircare,Nike,3.1,0.26
P00442,Philips Cameras,Electronics,Cameras,Philips,4.5,0.22
P00443,Apple Shirts,Apparel,Shirts,Apple,3.7,0.14
P00444,Samsung Kitchen,Home,Kitchen,Samsung,4.9,0.07
P00445,LG Decor,Home,Decor,LG,4.5,0.13
P00446,Puma Shirts,Apparel,Shirts,Puma,3.1,0.24
P00447,Samsung Makeup,Beauty,Makeup,Samsung,3.7,0.23
P00448,L'Oreal Makeup,Beauty,Makeup,L'Oreal,4.4,0.18
P00449,Adidas TeamSports,Sports,TeamSports,Adidas,4.6,0.2
P00450,Levis Skincare,Beauty,Skincare,Levis,3.6,0.23
P00451,Adidas Dresses,Apparel,Dresses,Adidas,4.2,0.05
P00452,Philips Appliances,Home,Appliances,Philips,4.8,0.19
P00453,Sony Fragrance,Beauty,Fragrance,Sony,4.7,0.27
P00454,Nike Dresses,Apparel,Dresses,Nike,3.9,0.18
P00455,Philips Kitchen,Home,Kitchen,Philips,3.8,0.16
P00456,Adidas Haircare,Beauty,Haircare,Adidas,4.8,0.25
P00457,Apple Skincare,Beauty,Skincare,Apple,3.3,0.2
P00458,L'Oreal Fragrance,Beauty,Fragrance,L'Oreal,5.0,0.2
P00459,Sony Dresses,Apparel,Dresses,Sony,4.6,0.24
P00460,LG Kitchen,Home,Kitchen,LG,3.7,0.14
P00461,L'Oreal Smartphones,Electronics,Smartphones,L'Oreal,4.4,0.17
P00462,LG Shoes,Apparel,Shoes,LG,4.1,0.23
P00463,Apple Kitchen,Home,Kitchen,Apple,4.6,0.12
P00464,Sony Shoes,Apparel,Shoes,Sony,3.3,0.12
P00465,Philips Laptops,Electronics,Laptops,Philips,4.0,0.14
P00466,Samsung Smartphones,Electronics,Smartphones,Samsung,4.1,0.06
P00467,Philips Fragrance,Beauty,Fragrance,Philips,4.0,0.14
P00468,Philips Accessories,Sports,Accessories,Philips,4.1,0.16
P00469,LG TeamSports,Sports,TeamSports,LG,3.6,0.28
P00470,Adidas Cameras,Electronics,Cameras,Adidas,3.4,0.22
P00471,Sony Fragrance,Beauty,Fragrance,Sony,4.8,0.18
P00472,LG Furniture,Home,Furniture,LG,4.8,0.08
P00473,Sony Fitness,Sports,Fitness,Sony,4.0,0.16
P00474,Nike Fragrance,Beauty,Fragrance,Nike,3.0,0.16
P00475,Sony Jeans,Apparel,Jeans,Sony,3.7,0.22
P00476,Philips Shirts,Apparel,Shirts,Philips,4.9,0.07
P00477,Puma Accessories,Sports,Accessories,Puma,3.7,0.16
P00478,Puma Fitness,Sports,Fitness,Puma,3.9,0.24
P00479,LG Outdoor,Sports,Outdoor,LG,3.9,0.06
P00480,L'Oreal Accessories,Sports,Accessories,L'Oreal,4.4,0.27
P00481,Puma Smartphones,Electronics,Smartphones,Puma,4.0,0.2
P00482,Adidas Jeans,Apparel,Jeans,Adidas,3.3,0.11
P00483,Nike Outdoor,Sports,Outdoor,Nike,3.5,0.16
P00484,Puma Cameras,Electronics,Cameras,Puma,4.9,0.18
P00485,LG Outdoor,Sports,Outdoor,LG,3.4,0.12
P00486,Levis Decor,Home,Decor,Levis,3.8,0.21
P00487,Philips Haircare,Beauty,Haircare,Philips,3.9,0.15
P00488,Adidas Jeans,Apparel,Jeans,Adidas,4.1,0.11
P00489,L'Oreal Furniture,Home,Furniture,L'Oreal,3.2,0.06
P00490,Sony Haircare,Beauty,Haircare,Sony,3.5,0.07
P00491,LG Outdoor,Sports,Outdoor,LG,3.7,0.24
P00492,LG Shoes,Apparel,Shoes,LG,4.4,0.2
P00493,Samsung Appliances,Home,Appliances,Samsung,4.7,0.12
P00494,Sony Fitness,Sports,Fitness,Sony,4.8,0.15
P00495,LG Accessories,Sports,Accessories,LG,3.8,0.15
P00496,Levis Smartphones,Electronics,Smartphones,Levis,3.2,0.29
P00497,Nike TeamSports,Sports,TeamSports,Nike,3.3,0.14
P00498,Samsung Decor,Home,Decor,Samsung,3.6,0.07
P00499,Puma Headphones,Electronics,Headphones,Puma,3.3,0.06
P00500,Samsung Laptops,Electronics,Laptops,Samsung,3.6,0.27
P00501,Sony Smartphones,Electronics,Smartphones,Sony,3.7,0.08
P00502,LG Shirts,Apparel,Shirts,LG,4.3,0.3
P00503,Philips Outdoor,Sports,Outdoor,Philips,3.5,0.12
P00504,Samsung Makeup,Beauty,Makeup,Samsung,4.9,0.09
P00505,Puma Laptops,Electronics,Laptops,Puma,4.0,0.11
P00506,LG Dresses,Apparel,Dresses,LG,4.9,0.3
P00507,Philips Cameras,Electronics,Cameras,Philips,4.6,0.13
P00508,Apple Appliances,Home,Appliances,Apple,3.8,0.11
P00509,Sony Outdoor,Sports,Outdoor,Sony,4.8,0.28
P00510,LG Makeup,Beauty,Makeup,LG,3.8,0.21
P00511,Puma Accessories,Sports,Accessories,Puma,3.3,0.16
P00512,L'Oreal Appliances,Home,Appliances,L'Oreal,4.3,0.15
P00513,Samsung Accessories,Sports,Accessories,Samsung,3.7,0.05
P00514,Sony Laptops,Electronics,Laptops,Sony,4.6,0.27
P00515,LG Dresses,Apparel,Dresses,LG,4.9,0.23
P00516,L'Oreal Fitness,Sports,Fitness,L'Oreal,4.1,0.12
P00517,Adidas Jeans,Apparel,Jeans,Adidas,5.0,0.2
P00518,Puma Headphones,Electronics,Headphones,Puma,4.4,0.22
P00519,Levis Outdoor,Sports,Outdoor,Levis,4.7,0.05
P00520,Puma Shoes,Apparel,Shoes,Puma,3.4,0.22
P00521,Levis Furniture,Home,Furniture,Levis,4.8,0.22
P00522,L'Oreal Dresses,Apparel,Dresses,L'Oreal,3.8,0.14
P00523,Levis Kitchen,Home,Kitchen,Levis,4.5,0.24
P00524,Apple Jeans,Apparel,Jeans,Apple,4.2,0.12
P00525,Adidas Jeans,Apparel,Jeans,Adidas,4.9,0.19
P00526,Samsung Kitchen,Home,Kitchen,Samsung,4.6,0.1
P00527,Puma Jeans,Apparel,Jeans,Puma,3.7,0.27
P00528,Puma Cameras,Electronics,Cameras,Puma,3.1,0.18
P00529,Adidas Fitness,Sports,Fitness,Adidas,4.0,0.24
P00530,Apple Jeans,Apparel,Jeans,Apple,3.6,0.1
P00531,Adidas Cameras,Electronics,Cameras,Adidas,4.9,0.19
P00532,Sony Kitchen,Home,Kitchen,Sony,3.2,0.1
P00533,Apple Shirts,Apparel,Shirts,Apple,5.0,0.1
P00534,Adidas Fragrance,Beauty,Fragrance,Adidas,4.2,0.16
P00535,Philips Dresses,Apparel,Dresses,Philips,4.8,0.24
P00536,L'Oreal Fitness,Sports,Fitness,L'Oreal,4.2,0.05
P00537,Samsung Outdoor,Sports,Outdoor,Samsung,4.8,0.16
P00538,Nike Appliances,Home,Appliances,Nike,4.9,0.17
P00539,Apple TeamSports,Sports,TeamSports,Apple,4.4,0.07
P00540,Samsung Accessories,Sports,Accessories,Samsung,4.5,0.13
P00541,Adidas Jeans,Apparel,Jeans,Adidas,3.7,0.08
P00542,Levis Fitness,Sports,Fitness,Levis,3.3,0.1
P00543,Levis Skincare,Beauty,Skincare,Levis,3.7,0.27
P00544,Nike Decor,Home,Decor,Nike,3.7,0.23
P00545,LG Furniture,Home,Furniture,LG,3.2,0.2
P00546,Philips Smartphones,Electronics,Smartphones,Philips,4.0,0.29
P00547,Nike Kitchen,Home,Kitchen,Nike,4.7,0.16
P00548,Samsung Decor,Home,Decor,Samsung,4.6,0.1
P00549,Samsung Fragrance,Beauty,Fragrance,Samsung,4.1,0.07
P00550,Puma Smartphones,Electronics,Smartphones,Puma,3.7,0.11
P00551,Apple Jeans,Apparel,Jeans,Apple,4.4,0.17
P00552,Nike Shoes,Apparel,Shoes,Nike,4.5,0.18
P00553,L'Oreal Decor,Home,Decor,L'Oreal,3.2,0.23
P00554,Sony Fragrance,Beauty,Fragrance,Sony,4.7,0.28
P00555,Sony Shoes,Apparel,Shoes,Sony,4.1,0.24
P00556,LG Furniture,Home,Furniture,LG,4.5,0.09
P00557,LG Furniture,Home,Furniture,LG,3.3,0.07
P00558,Puma Fragrance,Beauty,Fragrance,Puma,3.6,0.17
P00559,Samsung Haircare,Beauty,Haircare,Samsung,5.0,0.16
P00560,LG Fragrance,Beauty,Fragrance,LG,4.5,0.22
P00561,Adidas TeamSports,Sports,TeamSports,Adidas,3.4,0.06
P00562,Levis Skincare,Beauty,Skincare,Levis,4.1,0.23
P00563,L'Oreal Outdoor,Sports,Outdoor,L'Oreal,5.0,0.14
P00564,Adidas Decor,Home,Decor,Adidas,4.8,0.15
P00565,Sony Jeans,Apparel,Jeans,Sony,4.4,0.2
P00566,Philips Appliances,Home,Appliances,Philips,3.1,0.07
P00567,Puma Makeup,Beauty,Makeup,Puma,3.0,0.14
P00568,Nike Appliances,Home,Appliances,Nike,4.5,0.09
P00569,Sony Appliances,Home,Appliances,Sony,4.2,0.12
P00570,Levis Shirts,Apparel,Shirts,Levis,4.6,0.25
P00571,Nike Kitchen,Home,Kitchen,Nike,4.6,0.18
P00572,Nike Cameras,Electronics,Cameras,Nike,3.6,0.25
P00573,Apple Smartphones,Electronics,Smartphones,Apple,3.4,0.12
P00574,Levis Decor,Home,Decor,Levis,3.4,0.22
P00575,Philips Fitness,Sports,Fitness,Philips,4.4,0.21
P00576,LG Cameras,Electronics,Cameras,LG,3.8,0.08
P00577,Adidas Appliances,Home,Appliances,Adidas,4.8,0.18
P00578,L'Oreal Outdoor,Sports,Outdoor,L'Oreal,3.8,0.2
P00579,LG Appliances,Home,Appliances,LG,3.4,0.08
P00580,Adidas Kitchen,Home,Kitchen,Adidas,3.8,0.11
P00581,Puma Shoes,Apparel,Shoes,Puma,3.5,0.27
P00582,L'Oreal Accessories,Sports,Accessories,L'Oreal,4.1,0.17
P00583,Sony Jeans,Apparel,Jeans,Sony,4.4,0.29
P00584,Philips Makeup,Beauty,Makeup,Philips,3.2,0.26
P00585,Apple Appliances,Home,Appliances,Apple,4.2,0.09
P00586,Adidas Shoes,Apparel,Shoes,Adidas,3.6,0.17
P00587,Puma Makeup,Beauty,Makeup,Puma,4.4,0.11
P00588,LG Jeans,Apparel,Jeans,LG,4.1,0.22
P00589,Sony Jeans,Apparel,Jeans,Sony,3.9,0.27
P00590,LG Laptops,Electronics,Laptops,LG,4.7,0.17
P00591,Adidas Outdoor,Sports,Outdoor,Adidas,4.9,0.07
P00592,Apple Laptops,Electronics,Laptops,Apple,3.0,0.15
P00593,LG Skincare,Beauty,Skincare,LG,4.2,0.21
P00594,Puma TeamSports,Sports,TeamSports,Puma,4.0,0.08
P00595,Philips Outdoor,Sports,Outdoor,Philips,3.3,0.26
P00596,Sony Shirts,Apparel,Shirts,Sony,4.7,0.22
P00597,L'Oreal Fragrance,Beauty,Fragrance,L'Oreal,4.3,0.2
P00598,Philips Fragrance,Beauty,Fragrance,Philips,3.4,0.16
P00599,LG Shoes,Apparel,Shoes,LG,4.4,0.18
P00600,Puma Dresses,Apparel,Dresses,Puma,3.0,0.29
P00601,Samsung TeamSports,Sports,TeamSports,Samsung,4.7,0.12
P00602,Samsung Outdoor,Sports,Outdoor,Samsung,4.2,0.28
P00603,Adidas Skincare,Beauty,Skincare,Adidas,3.2,0.18
P00604,Sony Outdoor,Sports,Outdoor,Sony,3.9,0.15
P00605,LG Laptops,Electronics,Laptops,LG,4.7,0.15
P00606,L'Oreal Headphones,Electronics,Headphones,L'Oreal,3.1,0.07
P00607,Sony Furniture,Home,Furniture,Sony,3.1,0.15
P00608,Samsung Headphones,Electronics,Headphones,Samsung,4.4,0.1
P00609,L'Oreal Furniture,Home,Furniture,L'Oreal,4.3,0.22
P00610,Samsung Laptops,Electronics,Laptops,Samsung,3.5,0.2
P00611,Philips TeamSports,Sports,TeamSports,Philips,4.4,0.17
P00612,Adidas Shirts,Apparel,Shirts,Adidas,3.7,0.2
P00613,Apple Jeans,Apparel,Jeans,Apple,5.0,0.16
P00614,Philips Accessories,Sports,Accessories,Philips,3.8,0.17
P00615,L'Oreal Dresses,Apparel,Dresses,L'Oreal,3.2,0.19
P00616,Puma Decor,Home,Decor,Puma,3.7,0.08
P00617,Sony Cameras,Electronics,Cameras,Sony,3.9,0.05
P00618,Nike Skincare,Beauty,Skincare,Nike,3.8,0.08
P00619,Levis Cameras,Electronics,Cameras,Levis,3.0,0.26
P00620,Apple Fragrance,Beauty,Fragrance,Apple,4.8,0.1
P00621,LG Kitchen,Home,Kitchen,LG,4.1,0.12
P00622,Levis Decor,Home,Decor,Levis,4.0,0.16
P00623,L'Oreal Headphones,Electronics,Headphones,L'Oreal,3.5,0.23
P00624,LG Fitness,Sports,Fitness,LG,3.3,0.06
P00625,Adidas Cameras,Electronics,Cameras,Adidas,4.5,0.22
P00626,Apple Appliances,Home,Appliances,Apple,4.0,0.17
P00627,Nike Smartphones,Electronics,Smartphones,Nike,4.0,0.16
P00628,Philips Appliances,Home,Appliances,Philips,3.8,0.17
P00629,Samsung Makeup,Beauty,Makeup,Samsung,4.1,0.22
P00630,Apple Decor,Home,Decor,Apple,4.4,0.14
P00631,L'Oreal Cameras,Electronics,Cameras,L'Oreal,3.8,0.14
P00632,Sony Fragrance,Beauty,Fragrance,Sony,4.1,0.16
P00633,Adidas Skincare,Beauty,Skincare,Adidas,4.8,0.22
P00634,Apple Fragrance,Beauty,Fragrance,Apple,4.8,0.23
P00635,Nike Headphones,Electronics,Headphones,Nike,4.9,0.21
P00636,Puma Jeans,Apparel,Jeans,Puma,4.9,0.09
P00637,Sony Accessories,Sports,Accessories,Sony,3.1,0.19
P00638,Adidas Fitness,Sports,Fitness,Adidas,5.0,0.15
P00639,Sony Makeup,Beauty,Makeup,Sony,3.4,0.18
P00640,LG Appliances,Home,Appliances,LG,4.3,0.13
P00641,Nike Dresses,Apparel,Dresses,Nike,4.4,0.29
P00642,LG Outdoor,Sports,Outdoor,LG,4.8,0.12
P00643,Adidas TeamSports,Sports,TeamSports,Adidas,3.7,0.14
P00644,L'Oreal Fragrance,Beauty,Fragrance,L'Oreal,3.8,0.08
P00645,Samsung Furniture,Home,Furniture,Samsung,4.5,0.14
P00646,LG Dresses,Apparel,Dresses,LG,4.8,0.28
P00647,Samsung Decor,Home,Decor,Samsung,3.0,0.3
P00648,L'Oreal Cameras,Electronics,Cameras,L'Oreal,4.4,0.18
P00649,Nike Shirts,Apparel,Shirts,Nike,3.8,0.18
P00650,Puma Headphones,Electronics,Headphones,Puma,3.6,0.21
P00651,Samsung Accessories,Sports,Accessories,Samsung,3.2,0.21
P00652,LG Outdoor,Sports,Outdoor,LG,3.6,0.05
P00653,Samsung TeamSports,Sports,TeamSports,Samsung,4.1,0.19
P00654,Philips Haircare,Beauty,Haircare,Philips,3.9,0.07
P00655,Philips Appliances,Home,Appliances,Philips,4.8,0.2
P00656,Nike Appliances,Home,Appliances,Nike,3.2,0.18
P00657,Adidas Decor,Home,Decor,Adidas,4.0,0.07
P00658,Nike Haircare,Beauty,Haircare,Nike,4.2,0.25
P00659,Sony Accessories,Sports,Accessories,Sony,4.5,0.1
P00660,Nike Outdoor,Sports,Outdoor,Nike,4.7,0.14
P00661,Samsung Accessories,Sports,Accessories,Samsung,4.9,0.07
P00662,Samsung Accessories,Sports,Accessories,Samsung,4.0,0.2
P00663,Philips Smartphones,Electronics,Smartphones,Philips,3.5,0.24
P00664,Nike Shoes,Apparel,Shoes,Nike,4.3,0.05
P00665,Levis Haircare,Beauty,Haircare,Levis,4.2,0.17
P00666,Apple Cameras,Electronics,Cameras,Apple,3.4,0.3
P00667,Nike Fragrance,Beauty,Fragrance,Nike,4.8,0.12
P00668,L'Oreal Laptops,Electronics,Laptops,L'Oreal,4.1,0.13
P00669,L'Oreal Appliances,Home,Appliances,L'Oreal,4.6,0.28
P00670,Samsung Haircare,Beauty,Haircare,Samsung,3.7,0.25
P00671,L'Oreal Haircare,Beauty,Haircare,L'Oreal,4.0,0.15
P00672,Philips Decor,Home,Decor,Philips,4.9,0.18
P00673,Apple Makeup,Beauty,Makeup,Apple,3.9,0.22
P00674,Apple Decor,Home,Decor,Apple,3.5,0.13
P00675,Apple Decor,Home,Decor,Apple,4.9,0.22
P00676,Puma Haircare,Beauty,Haircare,Puma,4.7,0.12
P00677,Sony Decor,Home,Decor,Sony,4.1,0.29
P00678,Levis Dresses,Apparel,Dresses,Levis,3.6,0.09
P00679,Sony Kitchen,Home,Kitchen,Sony,4.0,0.15
P00680,Adidas Jeans,Apparel,Jeans,Adidas,3.3,0.27
P00681,Sony Appliances,Home,Appliances,Sony,5.0,0.19
P00682,Apple Makeup,Beauty,Makeup,Apple,4.5,0.26
P00683,L'Oreal TeamSports,Sports,TeamSports,L'Oreal,4.4,0.06
P00684,Adidas Kitchen,Home,Kitchen,Adidas,3.3,0.07
P00685,Apple Outdoor,Sports,Outdoor,Apple,3.0,0.13
P00686,Apple Shoes,Apparel,Shoes,Apple,3.8,0.11
P00687,Levis Shirts,Apparel,Shirts,Levis,3.1,0.18
P00688,Adidas Appliances,Home,Appliances,Adidas,3.5,0.25
P00689,L'Oreal Smartphones,Electronics,Smartphones,L'Oreal,3.0,0.26
P00690,Puma Cameras,Electronics,Cameras,Puma,4.9,0.23
P00691,Sony Makeup,Beauty,Makeup,Sony,4.5,0.28
P00692,Nike Decor,Home,Decor,Nike,3.4,0.3
P00693,L'Oreal Shoes,Apparel,Shoes,L'Oreal,4.5,0.23
P00694,Levis Shoes,Apparel,Shoes,Levis,3.7,0.19
P00695,Levis Smartphones,Electronics,Smartphones,Levis,4.3,0.21
P00696,Sony Makeup,Beauty,Makeup,Sony,4.4,0.07
P00697,Sony Shirts,Apparel,Shirts,Sony,3.7,0.16
P00698,LG Fitness,Sports,Fitness,LG,3.5,0.09
P00699,L'Oreal Appliances,Home,Appliances,L'Oreal,3.3,0.14
P00700,Samsung Accessories,Sports,Accessories,Samsung,4.0,0.07
P00701,Sony Accessories,Sports,Accessories,Sony,4.9,0.24
P00702,LG Smartphones,Electronics,Smartphones,LG,4.5,0.09
P00703,Sony Cameras,Electronics,Cameras,Sony,4.2,0.18
P00704,LG Smartphones,Electronics,Smartphones,LG,5.0,0.24
P00705,Samsung Kitchen,Home,Kitchen,Samsung,4.2,0.26
P00706,Levis Accessories,Sports,Accessories,Levis,3.3,0.05
P00707,Adidas TeamSports,Sports,TeamSports,Adidas,4.4,0.07
P00708,Samsung Skincare,Beauty,Skincare,Samsung,3.2,0.24
P00709,LG Cameras,Electronics,Cameras,LG,3.5,0.21
P00710,Sony Smartphones,Electronics,Smartphones,Sony,4.8,0.13
P00711,Puma Makeup,Beauty,Makeup,Puma,3.4,0.08
P00712,Sony Decor,Home,Decor,Sony,3.3,0.07
P00713,Sony Fitness,Sports,Fitness,Sony,3.2,0.16
P00714,Nike Kitchen,Home,Kitchen,Nike,3.6,0.23
P00715,Sony Dresses,Apparel,Dresses,Sony,4.7,0.25
P00716,L'Oreal Cameras,Electronics,Cameras,L'Oreal,4.1,0.08
P00717,Sony Furniture,Home,Furniture,Sony,4.4,0.14
P00718,Apple Kitchen,Home,Kitchen,Apple,3.2,0.26
P00719,Samsung Cameras,Electronics,Cameras,Samsung,3.7,0.1
P00720,Levis Haircare,Beauty,Haircare,Levis,4.7,0.28
P00721,L'Oreal Accessories,Sports,Accessories,L'Oreal,3.7,0.14
P00722,Philips Laptops,Electronics,Laptops,Philips,4.2,0.23
P00723,L'Oreal Dresses,Apparel,Dresses,L'Oreal,3.1,0.2
P00724,Philips Furniture,Home,Furniture,Philips,4.9,0.12
P00725,L'Oreal Shirts,Apparel,Shirts,L'Oreal,4.8,0.29
P00726,Philips Outdoor,Sports,Outdoor,Philips,3.5,0.24
P00727,Samsung Outdoor,Sports,Outdoor,Samsung,3.5,0.23
P00728,Adidas Appliances,Home,Appliances,Adidas,4.6,0.11
P00729,Adidas Cameras,Electronics,Cameras,Adidas,4.4,0.25
P00730,Nike Accessories,Sports,Accessories,Nike,3.7,0.09
P00731,L'Oreal Makeup,Beauty,Makeup,L'Oreal,3.2,0.19
P00732,Philips Fragrance,Beauty,Fragrance,Philips,5.0,0.26
P00733,Sony Dresses,Apparel,Dresses,Sony,3.9,0.18
P00734,Sony Dresses,Apparel,Dresses,Sony,3.6,0.09
P00735,Philips Shoes,Apparel,Shoes,Philips,4.0,0.17
P00736,Levis Shirts,Apparel,Shirts,Levis,4.0,0.29
P00737,L'Oreal Furniture,Home,Furniture,L'Oreal,4.2,0.2
P00738,Puma Shirts,Apparel,Shirts,Puma,3.3,0.3
P00739,Levis Jeans,Apparel,Jeans,Levis,4.5,0.27
P00740,Levis Laptops,Electronics,Laptops,Levis,3.8,0.18
P00741,Puma Appliances,Home,Appliances,Puma,4.0,0.1
P00742,Adidas Fragrance,Beauty,Fragrance,Adidas,4.4,0.28
P00743,LG Outdoor,Sports,Outdoor,LG,3.3,0.07
P00744,L'Oreal Shoes,Apparel,Shoes,L'Oreal,4.5,0.12
P00745,Apple Makeup,Beauty,Makeup,Apple,4.2,0.22
P00746,Sony Shirts,Apparel,Shirts,Sony,3.6,0.25
P00747,L'Oreal Fragrance,Beauty,Fragrance,L'Oreal,4.1,0.27
P00748,Apple Makeup,Beauty,Makeup,Apple,4.5,0.27
P00749,Samsung Haircare,Beauty,Haircare,Samsung,3.0,0.11
P00750,Adidas Kitchen,Home,Kitchen,Adidas,3.2,0.16
P00751,Philips Dresses,Apparel,Dresses,Philips,4.8,0.17
P00752,Apple Shoes,Apparel,Shoes,Apple,4.7,0.13
P00753,Philips Shirts,Apparel,Shirts,Philips,3.7,0.27
P00754,Philips Dresses,Apparel,Dresses,Philips,3.9,0.25
P00755,Nike Shoes,Apparel,Shoes,Nike,3.5,0.29
P00756,Apple Fragrance,Beauty,Fragrance,Apple,4.1,0.24
P00757,Nike Outdoor,Sports,Outdoor,Nike,3.2,0.17
P00758,Apple Headphones,Electronics,Headphones,Apple,4.8,0.27
P00759,Philips TeamSports,Sports,TeamSports,Philips,3.1,0.13
P00760,Apple TeamSports,Sports,TeamSports,Apple,3.9,0.09
P00761,L'Oreal Kitchen,Home,Kitchen,L'Oreal,4.5,0.1
P00762,Sony Cameras,Electronics,Cameras,Sony,3.7,0.22
P00763,L'Oreal Furniture,Home,Furniture,L'Oreal,4.0,0.23
P00764,Levis Outdoor,Sports,Outdoor,Levis,4.9,0.08
P00765,Nike Accessories,Sports,Accessories,Nike,4.4,0.11
P00766,L'Oreal Appliances,Home,Appliances,L'Oreal,3.8,0.06
P00767,Levis Appliances,Home,Appliances,Levis,3.3,0.13
P00768,Levis Headphones,Electronics,Headphones,Levis,3.7,0.27
P00769,Apple Cameras,Electronics,Cameras,Apple,4.5,0.29
P00770,Samsung Headphones,Electronics,Headphones,Samsung,4.2,0.11
P00771,L'Oreal Skincare,Beauty,Skincare,L'Oreal,3.7,0.13
P00772,L'Oreal Fragrance,Beauty,Fragrance,L'Oreal,3.7,0.22
P00773,Levis Outdoor,Sports,Outdoor,Levis,4.1,0.15
P00774,Apple Headphones,Electronics,Headphones,Apple,3.3,0.06
P00775,Puma Furniture,Home,Furniture,Puma,3.4,0.08
P00776,L'Oreal Furniture,Home,Furniture,L'Oreal,4.6,0.08
P00777,Sony Smartphones,Electronics,Smartphones,Sony,4.4,0.15
P00778,Adidas Skincare,Beauty,Skincare,Adidas,3.1,0.25
P00779,Puma Laptops,Electronics,Laptops,Puma,4.2,0.11
P00780,Sony Headphones,Electronics,Headphones,Sony,4.8,0.06
P00781,Apple Shoes,Apparel,Shoes,Apple,3.4,0.24
P00782,Apple Dresses,Apparel,Dresses,Apple,4.4,0.12
P00783,Levis Outdoor,Sports,Outdoor,Levis,3.1,0.26
P00784,Sony Headphones,Electronics,Headphones,Sony,3.6,0.1
P00785,L'Oreal Fragrance,Beauty,Fragrance,L'Oreal,4.0,0.28
P00786,Sony Decor,Home,Decor,Sony,3.1,0.24
P00787,Puma Appliances,Home,Appliances,Puma,4.1,0.16
P00788,LG Dresses,Apparel,Dresses,LG,4.5,0.29
P00789,LG Headphones,Electronics,Headphones,LG,3.5,0.09
P00790,Philips Skincare,Beauty,Skincare,Philips,4.8,0.22
P00791,Nike Laptops,Electronics,Laptops,Nike,3.9,0.19
P00792,Sony Appliances,Home,Appliances,Sony,4.5,0.24
P00793,LG Laptops,Electronics,Laptops,LG,4.8,0.16
P00794,Philips Cameras,Electronics,Cameras,Philips,3.6,0.21
P00795,L'Oreal Cameras,Electronics,Cameras,L'Oreal,3.8,0.2
P00796,Puma Decor,Home,Decor,Puma,3.8,0.09
P00797,Samsung Fragrance,Beauty,Fragrance,Samsung,3.9,0.22
P00798,Samsung Kitchen,Home,Kitchen,Samsung,4.6,0.17
P00799,Samsung Accessories,Sports,Accessories,Samsung,3.3,0.15
P00800,L'Oreal Fitness,Sports,Fitness,L'Oreal,4.6,0.15
P00801,Nike Shirts,Apparel,Shirts,Nike,4.4,0.18
P00802,Samsung Dresses,Apparel,Dresses,Samsung,3.5,0.25
P00803,Samsung Smartphones,Electronics,Smartphones,Samsung,3.2,0.18
P00804,L'Oreal Shoes,Apparel,Shoes,L'Oreal,3.4,0.07
P00805,Nike Haircare,Beauty,Haircare,Nike,4.0,0.17
P00806,Puma Accessories,Sports,Accessories,Puma,4.4,0.24
P00807,L'Oreal Shirts,Apparel,Shirts,L'Oreal,4.5,0.15
P00808,Nike Accessories,Sports,Accessories,Nike,4.3,0.19
P00809,L'Oreal Jeans,Apparel,Jeans,L'Oreal,3.8,0.2
P00810,L'Oreal Furniture,Home,Furniture,L'Oreal,4.9,0.1
P00811,Adidas Makeup,Beauty,Makeup,Adidas,4.8,0.06
P00812,Apple Shoes,Apparel,Shoes,Apple,3.6,0.12
P00813,LG Headphones,Electronics,Headphones,LG,4.3,0.08
P00814,Adidas Appliances,Home,Appliances,Adidas,4.8,0.26
P00815,Puma Appliances,Home,Appliances,Puma,4.3,0.16
P00816,Apple Outdoor,Sports,Outdoor,Apple,4.9,0.26
P00817,Nike Furniture,Home,Furniture,Nike,4.0,0.23
P00818,Levis Dresses,Apparel,Dresses,Levis,4.1,0.2
P00819,Nike Fragrance,Beauty,Fragrance,Nike,3.7,0.17
P00820,Adidas Shoes,Apparel,Shoes,Adidas,3.2,0.14
P00821,LG Fragrance,Beauty,Fragrance,LG,4.4,0.29
P00822,L'Oreal Fitness,Sports,Fitness,L'Oreal,4.9,0.19
P00823,Apple Shoes,Apparel,Shoes,Apple,4.2,0.1
P00824,Sony Accessories,Sports,Accessories,Sony,4.4,0.07
P00825,Sony Shirts,Apparel,Shirts,Sony,3.6,0.22
P00826,Samsung Fitness,Sports,Fitness,Samsung,3.6,0.06
P00827,Apple Furniture,Home,Furniture,Apple,4.7,0.13
P00828,Levis Outdoor,Sports,Outdoor,Levis,3.1,0.07
P00829,Samsung Jeans,Apparel,Jeans,Samsung,3.5,0.09
P00830,Philips Outdoor,Sports,Outdoor,Philips,4.5,0.13
P00831,Levis Haircare,Beauty,Haircare,Levis,4.6,0.09
P00832,L'Oreal Smartphones,Electronics,Smartphones,L'Oreal,4.0,0.22
P00833,Adidas Furniture,Home,Furniture,Adidas,4.3,0.2
P00834,Adidas Makeup,Beauty,Makeup,Adidas,4.8,0.11
P00835,LG Appliances,Home,Appliances,LG,4.0,0.27
P00836,Puma Jeans,Apparel,Jeans,Puma,3.2,0.06
P00837,LG Makeup,Beauty,Makeup,LG,3.5,0.21
P00838,Levis Accessories,Sports,Accessories,Levis,3.5,0.1
P00839,Adidas Cameras,Electronics,Cameras,Adidas,3.9,0.2
P00840,Apple TeamSports,Sports,TeamSports,Apple,3.5,0.13
P00841,Sony Shirts,Apparel,Shirts,Sony,4.2,0.29
P00842,Samsung Cameras,Electronics,Cameras,Samsung,4.3,0.25
P00843,LG Haircare,Beauty,Haircare,LG,3.7,0.12
P00844,Nike Shirts,Apparel,Shirts,Nike,3.9,0.25
P00845,LG Appliances,Home,Appliances,LG,3.9,0.26
P00846,Samsung Furniture,Home,Furniture,Samsung,5.0,0.07
P00847,Levis Shoes,Apparel,Shoes,Levis,3.1,0.09
P00848,Adidas Fragrance,Beauty,Fragrance,Adidas,3.8,0.08
P00849,LG Shirts,Apparel,Shirts,LG,4.7,0.06
P00850,Philips Fitness,Sports,Fitness,Philips,3.6,0.1
P00851,Levis TeamSports,Sports,TeamSports,Levis,4.9,0.22
P00852,Levis Jeans,Apparel,Jeans,Levis,4.8,0.29
P00853,L'Oreal Skincare,Beauty,Skincare,L'Oreal,4.0,0.11
P00854,Levis Laptops,Electronics,Laptops,Levis,3.4,0.11
P00855,Sony Laptops,Electronics,Laptops,Sony,4.4,0.06
P00856,Puma Decor,Home,Decor,Puma,3.1,0.2
P00857,Samsung Smartphones,Electronics,Smartphones,Samsung,4.3,0.22
P00858,Levis Haircare,Beauty,Haircare,Levis,3.7,0.25
P00859,Adidas Appliances,Home,Appliances,Adidas,4.1,0.08
P00860,Apple Decor,Home,Decor,Apple,4.6,0.29
P00861,Puma Makeup,Beauty,Makeup,Puma,3.1,0.15
P00862,Sony Shoes,Apparel,Shoes,Sony,4.0,0.09
P00863,LG Dresses,Apparel,Dresses,LG,4.7,0.12
P00864,LG Accessories,Sports,Accessories,LG,4.6,0.22
P00865,Levis Haircare,Beauty,Haircare,Levis,4.2,0.1
P00866,Sony Outdoor,Sports,Outdoor,Sony,3.4,0.06
P00867,Puma Kitchen,Home,Kitchen,Puma,3.5,0.14
P00868,Levis Kitchen,Home,Kitchen,Levis,4.7,0.14
P00869,Puma Decor,Home,Decor,Puma,4.5,0.16
P00870,LG Outdoor,Sports,Outdoor,LG,4.6,0.29
P00871,Levis Haircare,Beauty,Haircare,Levis,3.5,0.27
P00872,Philips Furniture,Home,Furniture,Philips,4.2,0.25
P00873,L'Oreal Laptops,Electronics,Laptops,L'Oreal,4.3,0.16
P00874,Apple Dresses,Apparel,Dresses,Apple,3.5,0.07
P00875,Adidas Haircare,Beauty,Haircare,Adidas,4.1,0.3
P00876,Samsung Fragrance,Beauty,Fragrance,Samsung,4.5,0.13
P00877,Sony Kitchen,Home,Kitchen,Sony,4.7,0.24
P00878,Levis Cameras,Electronics,Cameras,Levis,3.6,0.05
P00879,Philips Dresses,Apparel,Dresses,Philips,3.2,0.27
P00880,L'Oreal Fragrance,Beauty,Fragrance,L'Oreal,4.7,0.12
P00881,L'Oreal Accessories,Sports,Accessories,L'Oreal,3.6,0.25
P00882,L'Oreal Jeans,Apparel,Jeans,L'Oreal,4.9,0.24
P00883,Adidas Fitness,Sports,Fitness,Adidas,4.2,0.11
P00884,Samsung Headphones,Electronics,Headphones,Samsung,4.1,0.11
P00885,Philips Fitness,Sports,Fitness,Philips,4.6,0.15
P00886,Levis Haircare,Beauty,Haircare,Levis,4.7,0.15
P00887,Adidas Shirts,Apparel,Shirts,Adidas,4.6,0.13
P00888,L'Oreal Kitchen,Home,Kitchen,L'Oreal,3.9,0.2
P00889,Puma Outdoor,Sports,Outdoor,Puma,3.1,0.29
P00890,Puma Appliances,Home,Appliances,Puma,4.1,0.18
P00891,LG Outdoor,Sports,Outdoor,LG,4.7,0.27
P00892,Adidas Dresses,Apparel,Dresses,Adidas,4.0,0.28
P00893,Adidas Appliances,Home,Appliances,Adidas,3.1,0.08
P00894,LG Shoes,Apparel,Shoes,LG,4.2,0.14
P00895,Puma Decor,Home,Decor,Puma,3.9,0.13
P00896,LG Cameras,Electronics,Cameras,LG,3.8,0.26
P00897,Puma Skincare,Beauty,Skincare,Puma,4.2,0.3
P00898,Adidas Haircare,Beauty,Haircare,Adidas,4.6,0.12
P00899,Adidas Furniture,Home,Furniture,Adidas,3.5,0.13
P00900,Adidas Jeans,Apparel,Jeans,Adidas,4.7,0.06
P00901,L'Oreal Laptops,Electronics,Laptops,L'Oreal,3.5,0.28
P00902,LG Laptops,Electronics,Laptops,LG,4.3,0.11
P00903,Puma Accessories,Sports,Accessories,Puma,3.4,0.27
P00904,Samsung Cameras,Electronics,Cameras,Samsung,4.8,0.11
P00905,Levis Cameras,Electronics,Cameras,Levis,3.8,0.26
P00906,Puma Shoes,Apparel,Shoes,Puma,4.5,0.25
P00907,Levis Accessories,Sports,Accessories,Levis,4.0,0.28
P00908,Apple Shoes,Apparel,Shoes,Apple,3.7,0.09
P00909,Philips Furniture,Home,Furniture,Philips,4.4,0.18
P00910,LG Shoes,Apparel,Shoes,LG,4.7,0.07
P00911,Puma Kitchen,Home,Kitchen,Puma,4.7,0.12
P00912,Puma Jeans,Apparel,Jeans,Puma,4.3,0.06
P00913,Philips TeamSports,Sports,TeamSports,Philips,4.2,0.23
P00914,Philips Fragrance,Beauty,Fragrance,Philips,3.7,0.1
P00915,LG Jeans,Apparel,Jeans,LG,4.1,0.26
P00916,Sony Makeup,Beauty,Makeup,Sony,3.6,0.11
P00917,Samsung Fitness,Sports,Fitness,Samsung,3.6,0.29
P00918,Apple Furniture,Home,Furniture,Apple,3.7,0.05
P00919,Samsung Furniture,Home,Furniture,Samsung,4.6,0.22
P00920,L'Oreal Kitchen,Home,Kitchen,L'Oreal,3.3,0.3
P00921,Philips Fragrance,Beauty,Fragrance,Philips,4.2,0.18
P00922,Levis Cameras,Electronics,Cameras,Levis,3.8,0.27
P00923,L'Oreal Cameras,Electronics,Cameras,L'Oreal,3.5,0.12
P00924,Puma Laptops,Electronics,Laptops,Puma,3.2,0.24
P00925,Samsung Kitchen,Home,Kitchen,Samsung,4.2,0.2
P00926,Philips Appliances,Home,Appliances,Philips,3.4,0.21
P00927,Nike Jeans,Apparel,Jeans,Nike,4.5,0.14
P00928,Apple Makeup,Beauty,Makeup,Apple,4.6,0.14
P00929,Levis Fragrance,Beauty,Fragrance,Levis,4.5,0.06
P00930,Puma Fragrance,Beauty,Fragrance,Puma,4.1,0.29
P00931,Adidas Makeup,Beauty,Makeup,Adidas,5.0,0.12
P00932,Apple Fitness,Sports,Fitness,Apple,3.9,0.07
P00933,Sony Furniture,Home,Furniture,Sony,4.7,0.19
P00934,Samsung Headphones,Electronics,Headphones,Samsung,3.8,0.08
P00935,L'Oreal Fragrance,Beauty,Fragrance,L'Oreal,4.9,0.18
P00936,Philips Fitness,Sports,Fitness,Philips,3.6,0.14
P00937,L'Oreal Jeans,Apparel,Jeans,L'Oreal,3.5,0.2
P00938,Puma Furniture,Home,Furniture,Puma,4.9,0.26
P00939,Levis Outdoor,Sports,Outdoor,Levis,3.9,0.26
P00940,Sony Shoes,Apparel,Shoes,Sony,3.8,0.11
P00941,Sony Dresses,Apparel,Dresses,Sony,5.0,0.13
P00942,Puma Furniture,Home,Furniture,Puma,3.6,0.3
P00943,Apple Shoes,Apparel,Shoes,Apple,3.3,0.24
P00944,Philips TeamSports,Sports,TeamSports,Philips,4.9,0.18
P00945,Philips Makeup,Beauty,Makeup,Philips,3.0,0.14
P00946,Apple Laptops,Electronics,Laptops,Apple,3.2,0.15
P00947,L'Oreal Jeans,Apparel,Jeans,L'Oreal,4.6,0.16
P00948,LG Kitchen,Home,Kitchen,LG,3.9,0.19
P00949,Philips Decor,Home,Decor,Philips,4.2,0.26
P00950,Samsung Furniture,Home,Furniture,Samsung,3.6,0.26
P00951,Sony Skincare,Beauty,Skincare,Sony,4.1,0.13
P00952,Apple Laptops,Electronics,Laptops,Apple,3.6,0.14
P00953,Apple Headphones,Electronics,Headphones,Apple,4.2,0.11
P00954,Samsung Fragrance,Beauty,Fragrance,Samsung,4.8,0.19
P00955,Levis TeamSports,Sports,TeamSports,Levis,4.8,0.06
P00956,Adidas Fragrance,Beauty,Fragrance,Adidas,3.7,0.06
P00957,L'Oreal Dresses,Apparel,Dresses,L'Oreal,3.5,0.27
P00958,Puma Decor,Home,Decor,Puma,3.1,0.16
P00959,Philips Haircare,Beauty,Haircare,Philips,3.2,0.15
P00960,Puma Shirts,Apparel,Shirts,Puma,4.7,0.21
P00961,L'Oreal Furniture,Home,Furniture,L'Oreal,4.5,0.14
P00962,Levis Makeup,Beauty,Makeup,Levis,4.9,0.23
P00963,Sony Cameras,Electronics,Cameras,Sony,3.8,0.16
P00964,LG Decor,Home,Decor,LG,4.8,0.19
P00965,Philips Outdoor,Sports,Outdoor,Philips,4.4,0.15
P00966,Nike Haircare,Beauty,Haircare,Nike,3.4,0.23
P00967,Puma Shirts,Apparel,Shirts,Puma,4.2,0.18
P00968,Samsung Shirts,Apparel,Shirts,Samsung,4.2,0.1
P00969,Nike Fragrance,Beauty,Fragrance,Nike,4.6,0.29
P00970,Samsung Makeup,Beauty,Makeup,Samsung,4.8,0.13
P00971,Sony Kitchen,Home,Kitchen,Sony,3.8,0.25
P00972,Sony Jeans,Apparel,Jeans,Sony,4.2,0.19
P00973,Samsung Jeans,Apparel,Jeans,Samsung,4.9,0.18
P00974,Sony Dresses,Apparel,Dresses,Sony,4.0,0.06
P00975,Adidas Cameras,Electronics,Cameras,Adidas,3.1,0.05
P00976,Apple Shirts,Apparel,Shirts,Apple,4.8,0.15
P00977,Samsung Skincare,Beauty,Skincare,Samsung,3.9,0.26
P00978,L'Oreal Outdoor,Sports,Outdoor,L'Oreal,4.2,0.2
P00979,Nike Skincare,Beauty,Skincare,Nike,3.6,0.26
P00980,Levis Furniture,Home,Furniture,Levis,3.3,0.06
P00981,Adidas Cameras,Electronics,Cameras,Adidas,3.4,0.12
P00982,Adidas Cameras,Electronics,Cameras,Adidas,3.6,0.22
P00983,LG Shirts,Apparel,Shirts,LG,3.4,0.22
P00984,Samsung Decor,Home,Decor,Samsung,3.2,0.09
P00985,Samsung Makeup,Beauty,Makeup,Samsung,4.0,0.28
P00986,Philips Shirts,Apparel,Shirts,Philips,4.7,0.29
P00987,LG Cameras,Electronics,Cameras,LG,4.3,0.22
P00988,Levis Laptops,Electronics,Laptops,Levis,4.3,0.21
P00989,Apple Accessories,Sports,Accessories,Apple,3.3,0.19
P00990,Samsung Shirts,Apparel,Shirts,Samsung,3.8,0.16
P00991,LG Dresses,Apparel,Dresses,LG,4.0,0.08
P00992,Samsung Haircare,Beauty,Haircare,Samsung,3.7,0.07
P00993,Adidas Headphones,Electronics,Headphones,Adidas,5.0,0.08
P00994,Nike Headphones,Electronics,Headphones,Nike,3.5,0.27
P00995,L'Oreal Kitchen,Home,Kitchen,L'Oreal,4.0,0.08
P00996,Levis Outdoor,Sports,Outdoor,Levis,3.8,0.08
P00997,Apple Furniture,Home,Furniture,Apple,3.4,0.06
P00998,Adidas Fragrance,Beauty,Fragrance,Adidas,3.9,0.25
P00999,Philips Cameras,Electronics,Cameras,Philips,4.2,0.2
P01000,LG Shirts,Apparel,Shirts,LG,3.4,0.14
